<?xml version="1.0" encoding="UTF-8"?>
<preferences>
 <debug showDebugMenu="0" />
 <systemtable filter="All Interfaces" showClockDomains="1" showResetDomains="0">
  <columns>
   <connections preferredWidth="271" />
   <irq preferredWidth="34" />
  </columns>
 </systemtable>
 <library
   expandedCategories="Library/Processors and Peripherals/Peripherals,Project,Library,Library/Processors and Peripherals,Library/Processors and Peripherals/Co-Processors" />
 <window width="2576" height="1416" x="-8" y="-8" />
 <generation path="_PROJECT_NAME_" />
</preferences>
